url
https://cdn.marblism.com/CR8KQwAnj-J.webp
https://cdn.marblism.com/PQmE8MU3Y9s.webp
https://cdn.marblism.com/QaovNNKR5Rx.webp
https://cdn.marblism.com/e_3UfogV0jN.webp
https://cdn.marblism.com/jxvE41nzdm3.webp
https://cdn.marblism.com/nRuOwFJ6b97.webp
https://cdn.marblism.com/qfXh5cvrSFz.webp
https://cdn.marblism.com/uPJ0I5bIB-W.webp
https://koala.sh/api/image/v2-33xdl-i0eaj.jpg?width=1216&amp;height=832&amp;dream
https://koala.sh/api/image/v2-340y7-ieu9j.jpg?width=1216&amp;height=832&amp;dream
https://koala.sh/api/image/v2-340yt-uxodm.jpg?width=1216&amp;height=832&amp;dream
https://koala.sh/api/image/v2-340zc-4f0rf.jpg?width=1216&amp;height=832&amp;dream
https://koala.sh/api/image/v2-34115-sc2oi.jpg?width=1216&amp;height=832&amp;dream
https://koala.sh/api/image/v2-34wr5-y65dd.jpg?width=1216&amp;height=832&amp;dream
https://koala.sh/api/image/v2-34wu5-017tu.jpg?width=1216&amp;height=832&amp;dream
https://koala.sh/api/image/v2-34wuk-3u4ah.jpg?width=1216&amp;height=832&amp;dream
https://koala.sh/api/image/v2-34y7d-fafpp.jpg?width=1216&amp;height=832&amp;dream
https://koala.sh/api/image/v2-34zxf-ednr9.jpg?width=1216&amp;height=832&amp;dream
https://koala.sh/api/image/v2-34zxr-e17sm.jpg?width=1216&amp;height=832&amp;dream
https://koala.sh/api/image/v2-38ljo-dn39j.jpg?width=1216&amp;height=832&amp;dream
https://koala.sh/api/image/v2-38ml7-q1y3m.jpg?width=1216&amp;height=832&amp;dream
https://koala.sh/api/image/v2-38nkf-vwukt.jpg?width=1216&amp;height=832&amp;dream
https://koala.sh/api/image/v2-38nl0-a8ono.jpg?width=1216&amp;height=832&amp;dream
https://koala.sh/api/image/v2-38p27-thede.jpg?width=1216&amp;height=832&amp;dream
https://koala.sh/api/image/v2-38p2l-f2pjn.jpg?width=1216&amp;height=832&amp;dream
https://koala.sh/api/image/v2-38p38-et54o.jpg?width=1216&amp;height=832&amp;dream
https://koala.sh/api/image/v2-38p3s-5zeih.jpg?width=1216&amp;height=832&amp;dream
https://koala.sh/api/image/v2-38p45-ecye6.jpg?width=1216&amp;height=832&amp;dream
https://koala.sh/api/image/v2-38p4w-ldvw9.jpg?width=1216&amp;height=832&amp;dream
https://koala.sh/api/image/v2-38p5d-p5l2h.jpg?width=1216&amp;height=832&amp;dream
https://koala.sh/api/image/v2-38p6k-rtb8g.jpg?width=1216&amp;height=832&amp;dream
https://koala.sh/api/image/v2-38p70-zboe8.jpg?width=1216&amp;height=832&amp;dream
https://koala.sh/api/image/v2-38p81-j9vse.jpg?width=1216&amp;height=832&amp;dream
https://koala.sh/api/image/v2-38p8n-6gukx.jpg?width=1216&amp;height=832&amp;dream
https://koala.sh/api/image/v2-38pge-f8gxq.jpg?width=1216&amp;height=832&amp;dream
https://koala.sh/api/image/v2-38q0n-7k49m.jpg?width=1216&amp;height=832&amp;dream
https://koala.sh/api/image/v2-38qeh-m51de.jpg?width=1216&amp;height=832&amp;dream
https://koala.sh/api/image/v2-38qf2-smwkl.jpg?width=1216&amp;height=832&amp;dream
https://koala.sh/api/image/v2-38qgd-ndbvr.jpg?width=1216&amp;height=832&amp;dream
https://koala.sh/api/image/v2-3adx4-fcaao.jpg?width=1216&amp;height=832&amp;dream
https://koala.sh/api/image/v2-3adyv-9jyla.jpg?width=1216&amp;height=832&amp;dream
https://koala.sh/api/image/v2-3adzb-88ljb.jpg?width=1216&amp;height=832&amp;dream
https://koala.sh/api/image/v2-3adzs-bvmcd.jpg?width=1216&amp;height=832&amp;dream
https://ledgerlogic.ca/wp-content/uploads/2023/09/DALL·E-2023-11-27-21.30.08-A-creative-representation-of-a-business-owner-overwhelmed-with-responsibilities-depicted-without-any-clocks-or-text.-The-image-shows-a-middle-aged-Bl.png
https://ledgerlogic.ca/wp-content/uploads/2023/11/DALL%C2%B7E-2023-11-02-14.40.32-Illustration-of-a-young-female-small-business-owner-of-Indigenous-Canadian-descent-in-her-artisan-shop-with-a-digital-tablet-showing-a-simple-infogra.png
https://ledgerlogic.ca/wp-content/uploads/2023/11/DALL%C2%B7E-2023-11-22-09.39.52-A-professional-detailed-illustration-showing-a-complex-network-of-corporate-structures-symbolizing-a-holding-company.-The-image-should-depict-an-int.png
https://ledgerlogic.ca/wp-content/uploads/2023/11/DALL%C2%B7E-2023-11-22-09.39.53-A-professional-detailed-illustration-showing-a-complex-network-of-corporate-structures-symbolizing-a-holding-company.-The-image-should-depict-an-int.png
https://ledgerlogic.ca/wp-content/uploads/2023/11/DALL%C2%B7E-2023-11-22-09.41.18-Create-an-illustration-in-a-vibrant-and-approachable-style-similar-to-the-one-provided-featuring-a-person-presenting-a-diagram-of-a-holding-company-.png
https://ledgerlogic.ca/wp-content/uploads/2023/11/DALL%C2%B7E-2023-11-22-09.42.44-Create-an-illustration-in-a-vibrant-and-approachable-style-without-people-featuring-a-diagram-of-a-holding-company-structure.-The-design-should-have.png
https://ledgerlogic.ca/wp-content/uploads/2023/11/DALL%C2%B7E-2023-11-22-10.01.38-Create-an-abstract-illustration-that-metaphorically-represents-a-holding-company.-The-design-should-include-a-large-tree-with-branches-stretching-outw.png
https://ledgerlogic.ca/wp-content/uploads/2023/11/DALL%C2%B7E-2023-11-22-12.01.41-A-thoughtful-individual-depicted-in-a-modern-home-office-setting-contemplating-tax-forms-and-a-calendar-marked-with-important-tax-deadlines.-The-ind.png
https://ledgerlogic.ca/wp-content/uploads/2023/11/DALL%C2%B7E-2023-11-22-12.03.09-A-diverse-group-of-professionals-in-a-corporate-office-setting-actively-engaged-in-a-discussion-about-corporate-tax-documents.-The-group-includes-a-y.png
https://ledgerlogic.ca/wp-content/uploads/2023/11/DALL%C2%B7E-2023-11-22-13.29.47-A-symbolic-illustration-representing-a-small-business.-The-image-features-a-small-charming-shop-with-a-colorful-sign-symbolizing-a-local-business.-I.png
https://ledgerlogic.ca/wp-content/uploads/2023/11/DALL%C2%B7E-2023-11-22-13.29.58-A-symbolic-illustration-representing-a-small-business.-The-image-features-a-small-charming-shop-with-a-colorful-sign-symbolizing-a-local-business.-I.png
https://ledgerlogic.ca/wp-content/uploads/2023/11/DALL%C2%B7E-2023-11-22-13.36.45-A-side-by-side-illustration-comparing-someone-operating-a-business-as-a-sole-proprietor-versus-as-a-corporation-without-any-text.-On-the-left-a-pers.png
https://ledgerlogic.ca/wp-content/uploads/2023/11/DALL%C2%B7E-2023-11-22-13.45.10-A-visual-metaphor-depicting-the-concept-of-protection-and-reduced-liability-offered-by-business-incorporation-without-any-text.-The-image-features-a-.png
https://ledgerlogic.ca/wp-content/uploads/2023/11/DALL%C2%B7E-2023-11-22-13.48.39-A-creative-illustration-showing-a-small-business-owner-saving-taxes-without-any-text.-The-image-features-a-person-of-East-Asian-descent-the-owner-of-.png
https://ledgerlogic.ca/wp-content/uploads/2023/11/DALL%C2%B7E-2023-11-22-13.51.15-A-conceptual-illustration-showing-income-splitting-between-family-members-for-tax-reduction-without-any-text.-The-scene-features-a-family-with-membe.png
https://ledgerlogic.ca/wp-content/uploads/2023/11/DALL%C2%B7E-2023-11-22-13.53.09-A-symbolic-illustration-depicting-the-concept-of-additional-administrative-burden-without-text.-The-image-shows-a-person-of-Hispanic-descent-in-a-sma.png
https://ledgerlogic.ca/wp-content/uploads/2023/11/DALL%C2%B7E-2023-11-22-14.51.40-A-portrait-of-an-individual-in-a-business-setting-looking-worried-and-holding-an-invoice.-The-person-is-a-middle-aged-Caucasian-male-with-short-brown.png
https://ledgerlogic.ca/wp-content/uploads/2023/11/DALL%C2%B7E-2023-11-22-14.55.10-An-abstract-representation-of-interest-rates-and-debt-without-specific-currency-symbols.-The-image-features-a-large-stylized-percentage-sign-in-the-c.png
https://ledgerlogic.ca/wp-content/uploads/2023/11/DALL%C2%B7E-2023-11-22-14.57.43-An-image-focusing-on-a-large-stack-of-assorted-papers-and-documents-symbolizing-documentation-and-record-keeping.-The-stack-includes-various-types-of.png
https://ledgerlogic.ca/wp-content/uploads/2023/11/DALL%C2%B7E-2023-11-22-15.04.40-A-simplistic-image-depicting-a-large-bold-3D-percentage-sign-in-the-center-surrounded-by-unmarked-generic-coins.-These-coins-are-featureless-with-.png
https://ledgerlogic.ca/wp-content/uploads/2023/11/DALL%C2%B7E-2023-11-22-15.05.48-An-illustration-of-a-tax-collector-in-a-professional-setting.-The-tax-collector-is-a-middle-aged-Hispanic-male-with-short-black-hair-wearing-formal-a.png
https://ledgerlogic.ca/wp-content/uploads/2023/11/DALL%C2%B7E-2023-11-22-15.35.18-An-illustration-showing-someone-paying-in-a-timely-manner.-The-scene-features-a-young-adult-Asian-female-with-long-black-hair-smiling-as-she-hands-ov.png
https://ledgerlogic.ca/wp-content/uploads/2023/11/DALL%C2%B7E-2023-11-22-15.39.50-A-conceptual-illustration-showing-multiple-steps-to-achieve-a-goal-without-any-text.-The-image-features-a-series-of-ascending-3D-rendered-steps-lead.png
https://ledgerlogic.ca/wp-content/uploads/2023/11/DALL%C2%B7E-2023-11-23-11.04.35-A-startup-professional-looking-stressed-and-overwhelmed-surrounded-by-stacks-of-paperwork-and-a-laptop-displaying-financial-graphs-emphasizing-the-c.png
https://ledgerlogic.ca/wp-content/uploads/2023/11/DALL%C2%B7E-2023-11-23-11.07.02-A-relaxed-startup-professional-sitting-at-a-desk-with-a-computer-screen-showing-a-user-friendly-accounting-software-interface.-Surrounding-the-profes.png
https://ledgerlogic.ca/wp-content/uploads/2023/11/DALL%C2%B7E-2023-11-23-11.16.24-A-relaxed-startup-team-focusing-on-their-core-business-tasks-in-the-foreground-with-a-separate-group-of-professional-accountants-represented-as-holog.png
https://ledgerlogic.ca/wp-content/uploads/2023/11/DALL%C2%B7E-2023-11-23-11.19.09-A-modern-tech-savvy-professional-working-on-a-laptop-or-tablet-with-icons-of-clouds-and-financial-symbols-like-graphs-and-dollar-signs-floating-arou.png
https://ledgerlogic.ca/wp-content/uploads/2023/11/DALL·E-2023-11-22-13.53.09-A-symbolic-illustration-depicting-the-concept-of-additional-administrative-burden-without-text.-The-image-shows-a-person-of-Hispanic-descent-in-a-sma.png
https://ledgerlogic.ca/wp-content/uploads/2023/11/DALL·E-2023-11-24-11.25.58-A-minimalistic-depiction-of-deadlines-in-an-office-setting.-The-image-features-a-diverse-group-of-office-workers-including-a-Caucasian-woman-a-Hispa.png
https://ledgerlogic.ca/wp-content/uploads/2023/11/DALL·E-2023-11-24-11.28.33-An-image-representing-good-record-keeping-without-text-or-numbers-showing-a-series-of-color-coded-document-folders-on-a-neat-organized-desk.-Each-fo.png
https://ledgerlogic.ca/wp-content/uploads/2023/11/DALL·E-2023-11-24-11.33.41-An-image-designed-for-a-Frequently-Asked-Questions-FAQ-section-of-a-blog.-The-illustration-shows-a-large-stylized-question-mark-in-the-center-surr.png
https://ledgerlogic.ca/wp-content/uploads/2023/11/DALL·E-2023-11-24-15.12.53-A-close-up-view-of-a-modern-computer-on-a-desk-surrounded-by-floating-logos-of-various-digital-and-media-tools.-These-logos-represent-software-for-vi.png
https://ledgerlogic.ca/wp-content/uploads/2023/11/DALL·E-2023-11-24-15.16.03-An-image-of-a-person-of-a-specific-descent-and-gender-wearing-VR-gear-and-interacting-with-a-virtual-environment.-The-person-is-fully-engaged-in-a-viv.png
https://ledgerlogic.ca/wp-content/uploads/2023/11/DALL·E-2023-11-24-15.22.05-An-image-depicting-a-before-and-after-scenario-of-a-company-that-benefited-from-the-digital-tax-credit.-The-before-side-shows-a-small-limited-works.png
https://ledgerlogic.ca/wp-content/uploads/2023/11/DALL·E-2023-11-24-15.22.07-A-collage-of-various-tools-gadgets-and-software-used-in-the-creation-of-interactive-media.-The-image-should-include-items-like-VR-headsets-graphic-.png
https://ledgerlogic.ca/wp-content/uploads/2023/11/DALL·E-2023-11-24-15.25.38-An-image-symbolizing-the-legislative-process-that-led-to-the-implementation-of-the-digital-tax-credit.-The-image-could-include-symbolic-elements-like-.png
https://ledgerlogic.ca/wp-content/uploads/2023/11/DALL·E-2023-11-24-15.26.06-An-image-of-a-digital-classroom-or-online-learning-setting-where-students-are-being-taught-interactive-media-development.-The-classroom-is-equipped-wi.png
https://ledgerlogic.ca/wp-content/uploads/2023/11/DALL·E-2023-11-24-15.54.38-A-graphic-with-icons-only-representing-employment-qualifications-for-the-digital-tax-credit-in-interactive-digital-media.-Icons-include-a-computer-fo.png
https://ledgerlogic.ca/wp-content/uploads/2023/11/DALL·E-2023-11-24-15.58.07-A-visual-representation-of-increased-cash-flows-resulting-from-the-Interactive-Digital-Media-Tax-Credit-IDMTC-depicted-without-text.-The-image-feat.png
https://ledgerlogic.ca/wp-content/uploads/2023/11/DALL·E-2023-11-24-15.59.53-A-visual-representation-of-compliance-and-auditing-in-a-financial-context-without-text.-The-image-includes-icons-like-a-magnifying-glass-over-documen.png
https://ledgerlogic.ca/wp-content/uploads/2023/11/DALL·E-2023-11-24-16.02.14-A-conceptual-image-featuring-only-a-winding-road-and-an-hourglass-symbolizing-the-longevity-and-potential-changes-to-the-digital-tax-credit.-The-road.png
https://ledgerlogic.ca/wp-content/uploads/2023/11/DALL·E-2023-11-24-16.03.39-A-conceptual-image-representing-the-interaction-between-the-digital-tax-credit-and-other-tax-incentives-depicted-without-text.-The-image-features-int.png
https://ledgerlogic.ca/wp-content/uploads/2023/11/DALL·E-2023-11-24-16.04.22-A-conceptual-image-representing-a-Frequently-Asked-Questions-section-depicted-without-text.-The-image-features-iconic-symbols-like-question-marks-.png
https://ledgerlogic.ca/wp-content/uploads/2023/11/DALL·E-2023-11-27-08.39.27-A-diverse-group-of-business-employees-in-a-modern-office-setting.-The-scene-includes-a-Caucasian-woman-discussing-with-a-Black-man-and-a-Hispanic-woma.png
https://ledgerlogic.ca/wp-content/uploads/2023/11/DALL·E-2023-11-27-08.41.20-A-diverse-group-of-business-employees-in-a-modern-office-setting.-The-scene-includes-a-Caucasian-woman-discussing-with-a-Black-man-and-a-Hispanic-woma.png
https://ledgerlogic.ca/wp-content/uploads/2023/11/DALL·E-2023-11-27-09.04.29-A-modern-office-scene-with-a-diverse-group-of-employees-calculating-vacation-pay.-In-the-center-an-Asian-female-employee-is-using-a-calculator-and-a-.png
https://ledgerlogic.ca/wp-content/uploads/2023/11/DALL·E-2023-11-27-09.07.06-An-office-scene-portraying-an-employee-being-terminated.-In-the-foreground-a-South-Asian-female-HR-manager-is-seated-across-from-a-Caucasian-male-emp.png
https://ledgerlogic.ca/wp-content/uploads/2023/11/DALL·E-2023-11-27-09.11.01-A-detailed-image-of-an-office-environment-focusing-on-record-keeping-without-any-text.-The-scene-includes-a-desk-with-an-open-binder-showing-pages-wi.png
https://ledgerlogic.ca/wp-content/uploads/2023/11/DALL·E-2023-11-27-09.19.21-A-visually-appealing-and-informative-image-for-a-FAQ-section-of-a-blog.-The-image-features-a-large-open-book-on-a-wooden-desk-surrounded-by-various-.png
https://ledgerlogic.ca/wp-content/uploads/2023/11/DALL·E-2023-11-27-09.48.21-A-festive-office-scene-with-diverse-employees-receiving-gifts-from-their-employer.-The-setting-is-a-modern-office-decorated-for-a-holiday-celebration.png
https://ledgerlogic.ca/wp-content/uploads/2023/11/DALL·E-2023-11-27-09.51.25-A-vibrant-and-festive-display-of-various-gifts.-The-scene-includes-a-collection-of-beautifully-wrapped-gift-boxes-of-different-sizes-and-shapes.-Each-.png
https://ledgerlogic.ca/wp-content/uploads/2023/11/DALL·E-2023-11-27-09.52.25-A-conceptual-representation-of-a-year-end-bonus-without-any-text-or-US-dollar-bills.-The-image-shows-a-joyful-employee-in-a-modern-office-environment.png
https://ledgerlogic.ca/wp-content/uploads/2023/11/DALL·E-2023-11-27-16.04.30-An-imaginative-image-of-someone-navigating-through-a-dense-jungle-with-a-compass-and-map-symbolizing-the-complexities-of-navigating-a-CRA-audit.-The-.png
https://ledgerlogic.ca/wp-content/uploads/2023/11/DALL·E-2023-11-27-16.07.26-A-metaphorical-image-depicting-a-doctor-performing-a-check-up-on-a-piggy-bank-symbolizing-a-CRA-audit-as-a-financial-health-assessment.-The-doctor-i.png
https://ledgerlogic.ca/wp-content/uploads/2023/11/DALL·E-2023-11-27-16.33.35-An-image-of-a-small-business-owner-in-his-shop.-The-shop-owner-a-young-South-Asian-man-is-standing-behind-a-counter-filled-with-various-products.-He.png
https://ledgerlogic.ca/wp-content/uploads/2023/11/DALL·E-2023-11-27-16.34.50-A-scene-depicting-a-business-owner-in-his-office-overwhelmed-with-documents.-The-business-owner-a-middle-aged-Hispanic-man-is-sitting-at-a-cluttere.png
https://ledgerlogic.ca/wp-content/uploads/2023/11/DALL·E-2023-11-27-16.35.39-An-image-of-a-small-business-owner-asking-a-professional-accountant-for-help.-The-business-owner-a-middle-aged-White-woman-is-sitting-across-the-des.png
https://ledgerlogic.ca/wp-content/uploads/2023/11/DALL·E-2023-11-27-16.36.52-An-image-of-a-small-business-owner-in-his-restaurant-with-all-of-his-business-documents-well-organized.-The-owner-a-middle-aged-East-Asian-man-is-s.png
https://ledgerlogic.ca/wp-content/uploads/2023/11/DALL·E-2023-11-27-21.23.54-A-scene-depicting-a-person-living-beyond-their-means.-The-image-shows-a-young-Caucasian-man-in-a-lavish-oversized-living-room-filled-with-extravagant.png
https://ledgerlogic.ca/wp-content/uploads/2023/11/DALL·E-2023-11-27-21.24.59-A-scene-showing-a-person-in-a-state-of-desperation-due-to-owing-a-significant-amount-of-money-to-the-government.-The-setting-is-a-modest-home-office-.png
https://ledgerlogic.ca/wp-content/uploads/2023/11/DALL·E-2023-11-28-08.41.59-A-small-quaint-coffee-shop-with-a-somber-atmosphere-reflecting-despair-without-any-text.-The-shop-has-a-cozy-inviting-exterior-with-a-small-outdoo.png
https://ledgerlogic.ca/wp-content/uploads/2023/11/DALL·E-2023-11-28-08.58.47-A-young-Asian-woman-sitting-at-a-desk-deeply-focused-and-trying-to-calculate-something.-She-is-surrounded-by-scattered-papers-a-few-books-and-a-tra.png
https://ledgerlogic.ca/wp-content/uploads/2023/11/DALL·E-2023-11-28-09.00.20-A-middle-aged-Hispanic-woman-sitting-at-a-home-office-desk-looking-puzzled-and-stressed.-She-is-surrounded-by-stacks-of-papers-and-legal-documents-s.png
https://ledgerlogic.ca/wp-content/uploads/2023/11/DALL·E-2023-11-28-09.38.11-An-image-of-a-thoughtful-individual-sitting-at-a-desk-looking-over-bank-statements-with-a-calculator-and-a-cup-of-coffee.-The-scene-should-be-detaile.png
https://ledgerlogic.ca/wp-content/uploads/2023/11/DALL·E-2023-11-28-14.11.45-A-small-business-owner-a-middle-aged-Caucasian-woman-stands-proudly-in-front-of-her-quaint-independently-owned-bookshop.-The-shop-has-a-cozy-invit.png
https://ledgerlogic.ca/wp-content/uploads/2023/11/DALL·E-2023-11-28-14.12.30-A-person-sitting-at-a-kitchen-table-working-on-a-laptop.-The-kitchen-is-modern-and-well-lit-with-a-large-window-letting-in-natural-light.-The-person.png
https://ledgerlogic.ca/wp-content/uploads/2023/11/DALL·E-2023-11-28-14.13.20-A-young-Black-woman-engaged-in-a-phone-conversation-standing-in-a-bustling-city-environment.-She-is-stylishly-dressed-in-business-casual-attire-with.png
https://ledgerlogic.ca/wp-content/uploads/2023/11/DALL·E-2023-11-28-14.14.46-A-job-interview-scene-with-two-people-at-a-modern-office.-The-first-person-a-South-Asian-woman-is-the-interviewer-dressed-in-professional-business-.png
https://ledgerlogic.ca/wp-content/uploads/2023/11/DALL·E-2023-11-28-16.00.26-A-middle-aged-white-man-dressed-in-comfortable-home-attire-working-intently-on-his-laptop.-The-laptop-is-placed-on-a-kitchen-table.-The-scene-captur.png
https://ledgerlogic.ca/wp-content/uploads/2023/11/DALL·E-2023-11-28-16.02.08-An-Asian-woman-in-her-thirties-dressed-in-a-professional-outfit-with-a-friendly-and-professional-demeanor-holding-a-portable-payment-machine.-She-i.png
https://ledgerlogic.ca/wp-content/uploads/2023/11/DALL·E-2023-11-29-14.55.51-1.-An-image-depicting-two-individuals-a-Caucasian-woman-and-a-Hispanic-man-assembling-a-large-puzzle.-Each-puzzle-piece-is-uniquely-shaped-symboliz.png
https://ledgerlogic.ca/wp-content/uploads/2023/11/DALL·E-2023-11-29-14.56.49-3.-An-image-showing-a-financial-graph-with-two-ascending-lines-one-representing-a-Middle-Eastern-man-and-the-other-a-South-Asian-woman.-The-lines-sta.png
https://ledgerlogic.ca/wp-content/uploads/2023/11/DALL·E-2023-11-29-14.59.33-An-image-of-a-financial-road-map.-The-map-shows-two-winding-paths-one-starting-with-a-Caucasian-woman-and-the-other-with-an-African-man-each-path-fi.png
https://ledgerlogic.ca/wp-content/uploads/2023/11/DALL·E-2023-11-29-15.00.25-An-image-depicting-a-Tree-of-Prosperity.-The-tree-has-strong-roots-each-root-representing-a-different-source-of-income-like-generic-coins-gold-ba.png
https://ledgerlogic.ca/wp-content/uploads/2023/11/DALL·E-2023-11-29-15.02.25-An-image-depicting-several-interlocking-gears.-Each-gear-is-adorned-with-abstract-financial-symbols-like-non-specific-golden-objects-generic-coins-a.png
https://ledgerlogic.ca/wp-content/uploads/2023/11/DALL·E-2023-11-29-15.03.44-An-image-of-a-split-pie-chart.-The-pie-chart-is-divided-into-equal-sections-each-section-filled-with-abstract-symbols-representing-different-types-of.png
https://ledgerlogic.ca/wp-content/uploads/2023/11/DALL·E-2023-11-29-15.04.29-An-image-showing-two-streams-of-water-one-originating-with-an-African-woman-and-the-other-with-an-East-Asian-man.-Each-stream-is-filled-with-abstract.png
https://ledgerlogic.ca/wp-content/uploads/2023/11/DALL·E-2023-11-30-10.13.14-An-image-of-a-person-gathering-documentation-in-an-office-setting.-The-person-is-a-Caucasian-man-standing-at-a-desk-organizing-various-papers-and-fo.png
https://ledgerlogic.ca/wp-content/uploads/2023/11/DALL·E-2023-11-30-13.02.38-Day-in-the-Life-Illustrations-without-text_-Two-separate-scenes.-First-scene-shows-an-employee-in-a-structured-9-5-office-setting-sitting-at-a-perman.png
https://ledgerlogic.ca/wp-content/uploads/2023/11/DALL·E-2023-11-30-13.08.24-Day-in-the-Life-Illustrations-without-text_-Two-separate-scenes.-First-scene-shows-an-employee-participating-in-a-team-meeting-in-a-conference-room-u.png
https://ledgerlogic.ca/wp-content/uploads/2023/11/DALL·E-2023-11-30-13.14.04-Day-in-the-Life-Illustrations-without-text_-Two-separate-scenes.-The-first-scene-illustrates-an-employee-working-at-their-office-cubicle-focused-on-a.png
https://ledgerlogic.ca/wp-content/uploads/2023/12/DALL·E-2023-11-30-20.18.03-A-well-organized-home-office-featuring-a-desk-with-a-laptop-a-comfortable-chair-stationery-a-houseplant-and-a-coffee-mug.-The-scene-should-convey-.png
https://ledgerlogic.ca/wp-content/uploads/2023/12/DALL·E-2023-11-30-20.19.12-A-modern-home-office-setup-highlighting-essential-technology-tools-for-self-employed-individuals.-Include-a-high-end-laptop-smartphone-printer-and-.png
https://ledgerlogic.ca/wp-content/uploads/2023/12/DALL·E-2023-11-30-20.20.58-An-image-of-a-virtual-meeting-in-progress-on-a-computer-screen-placed-in-a-home-office-setting.-The-scene-should-represent-the-new-normal-of-remote-w.png
https://ledgerlogic.ca/wp-content/uploads/2023/12/DALL·E-2023-11-30-20.22.19-An-image-showcasing-the-flexibility-of-working-from-home-with-a-break-corner-in-a-home-office.-Include-a-comfortable-armchair-a-bookshelf-and-a-coff.png
https://ledgerlogic.ca/wp-content/uploads/2023/12/DALL·E-2023-12-01-08.21.22-A-creative-depiction-of-a-chess-clock-to-symbolize-the-strategic-and-timed-nature-of-the-auditing-process.-The-chess-clock-should-be-prominently-displ.png
https://ledgerlogic.ca/wp-content/uploads/2023/12/DALL·E-2023-12-01-08.23.15-An-evocative-image-showing-a-time-capsule-being-opened-symbolizing-the-long-term-impact-and-historical-record-of-government-audits.-The-time-capsule-.png
https://ledgerlogic.ca/wp-content/uploads/2023/12/DALL·E-2023-12-01-08.23.16-A-conceptual-image-depicting-ancient-navigational-tools-like-a-compass-and-an-astrolabe-to-represent-the-guidance-and-direction-required-in-navigatin.png
https://ledgerlogic.ca/wp-content/uploads/2023/12/DALL·E-2023-12-01-11.09.58-A-digital-illustration-showing-a-globe-with-various-shopping-icons-and-digital-connections-linking-different-countries-representing-global-connectivi.png
https://ledgerlogic.ca/wp-content/uploads/2023/12/DALL·E-2023-12-01-11.22.26-A-text-free-creative-depiction-of-various-digital-payment-methods-in-e-commerce-including-credit-cards-mobile-payments-and-cryptocurrencies.-The-il.png
https://ledgerlogic.ca/wp-content/uploads/2023/12/DALL·E-2023-12-01-11.25.06-An-image-showing-e-commerce-analytics-and-big-data-with-charts-graphs-and-data-visualizations.-The-image-should-depict-a-high-tech-modern-environm.png
https://ledgerlogic.ca/wp-content/uploads/2023/12/DALL·E-2023-12-05-13.41.57-An-empty-office-space-with-an-open-laptop-a-steaming-cup-of-coffee-and-a-calculator-on-the-desk.-The-office-should-look-like-someone-suddenly-left-t.png
https://ledgerlogic.ca/wp-content/uploads/2023/12/DALL·E-2023-12-05-13.41.58-An-empty-office-space-with-an-open-laptop-a-steaming-cup-of-coffee-and-a-calculator-on-the-desk.-The-office-should-look-like-someone-suddenly-left-t.png
https://ledgerlogic.ca/wp-content/uploads/2023/12/DALL·E-2023-12-05-13.42.02-A-semi-transparent-ghostly-figure-sitting-at-a-desk-overflowing-with-papers-and-financial-documents.-The-figure-is-fading-away-symbolizing-an-accoun.png
https://ledgerlogic.ca/wp-content/uploads/2023/12/DALL·E-2023-12-05-13.42.18-A-shadow-of-a-person-walking-away-from-an-office-desk-covered-in-accounting-books-and-a-laptop.-This-image-represents-someone-leaving-or-abandoning-th.png
https://ledgerlogic.ca/wp-content/uploads/2023/12/DALL·E-2023-12-05-13.42.20-A-shadow-of-a-person-walking-away-from-an-office-desk-covered-in-accounting-books-and-a-laptop.-This-image-represents-someone-leaving-or-abandoning-th.png
https://ledgerlogic.ca/wp-content/uploads/2023/12/DALL·E-2023-12-05-14.50.35-A-sleek-modern-corporate-boardroom-with-a-large-table-and-chairs.-The-room-is-filled-with-symbols-of-investment-and-taxation_-graphs-showing-investme.png
https://ledgerlogic.ca/wp-content/uploads/2023/12/DALL·E-2023-12-05-14.56.42-A-flourishing-tree-with-branches-extending-upwards-with-each-leaf-designed-like-a-small-golden-coin-symbolizing-dividend-payouts.-Beneath-the-tree.png
https://ledgerlogic.ca/wp-content/uploads/2023/12/DALL·E-2023-12-05-14.57.01-A-vibrant-colorful-cityscape-with-various-types-of-properties-such-as-apartments-houses-and-commercial-buildings-each-emitting-a-soft-glow.-Above-.png
https://ledgerlogic.ca/wp-content/uploads/2023/12/DALL·E-2023-12-05-14.57.24-A-scene-depicting-a-giant-hourglass-where-the-top-is-filled-with-various-investment-symbols-like-stocks-bonds-and-real-estate-slowly-trickling-dow.png
https://ledgerlogic.ca/wp-content/uploads/2023/12/DALL·E-2023-12-10-18.23.19-An-accountant-staring-at-a-computer-screen-with-numerous-windows-open-indicating-complex-software-and-digital-tools-used-in-accounting.-The-accountan.png
https://ledgerlogic.ca/wp-content/uploads/2023/12/DALL·E-2023-12-10-18.23.22-An-accountant-in-a-meeting-with-a-client-discussing-a-pile-of-documents.-The-accountant-a-middle-aged-South-Asian-man-is-explaining-details-to-the-.png
https://ledgerlogic.ca/wp-content/uploads/2023/12/DALL·E-2023-12-10-18.23.37-An-accountant-studying-a-thick-book-in-an-office-symbolizing-continuous-learning-in-accounting.-The-accountant-a-middle-aged-Black-man-is-deeply-fo.png
https://ledgerlogic.ca/wp-content/uploads/2023/12/DALL·E-2023-12-10-18.23.40-A-globe-surrounded-by-financial-symbols-with-an-accountant-looking-thoughtfully-at-it-representing-global-economic-changes-impacting-accounting-work.png
https://ledgerlogic.ca/wp-content/uploads/2023/12/DALL·E-2023-12-11-08.11.34-An-accountant-in-a-modern-office-setting-gender-neutral-appearance-surrounded-by-financial-documents-a-laptop-displaying-financial-software-with-a.png
https://ledgerlogic.ca/wp-content/uploads/2023/12/DALL·E-2023-12-11-08.11.52-A-skyline-of-a-major-Canadian-city-like-Toronto-or-Vancouver-with-financial-elements-such-as-charts-graphs-and-calculators-integrated-into-the-lan.png
https://ledgerlogic.ca/wp-content/uploads/2023/12/DALL·E-2023-12-11-08.58.27-An-image-focusing-on-tax-documents-a-calculator-and-possibly-a-figure-reviewing-these-documents-highlighting-the-tax-preparation-aspect-of-year-end.png
https://ledgerlogic.ca/wp-content/uploads/2023/12/DALL·E-2023-12-11-10.03.16-A-professional-cloud-accountant-working-remotely-visible-through-a-laptop-screen-with-a-background-of-digital-financial-data.-The-accountant-should-.png
https://ledgerlogic.ca/wp-content/uploads/2023/12/DALL·E-2023-12-11-10.03.18-A-professional-cloud-accountant-working-remotely-visible-through-a-laptop-screen-with-a-background-of-digital-financial-data.-The-accountant-should-.png
https://ledgerlogic.ca/wp-content/uploads/2023/12/DALL·E-2023-12-11-10.03.37-A-digital-tablet-or-computer-screen-displaying-financial-data-and-cloud-computing-symbols-against-a-background-subtly-featuring-Canadian-elements-lik.png
https://ledgerlogic.ca/wp-content/uploads/2023/12/DALL·E-2023-12-11-10.04.13-A-split-image-showing-a-traditional-in-house-accountant-on-one-side-and-a-cloud-accountant-on-the-other-each-in-their-respective-work-environments.-T.png
https://ledgerlogic.ca/wp-content/uploads/2023/12/DALL·E-2023-12-11-10.04.14-A-split-image-showing-a-traditional-in-house-accountant-on-one-side-and-a-cloud-accountant-on-the-other-each-in-their-respective-work-environments.-T.png
https://ledgerlogic.ca/wp-content/uploads/2023/12/DALL·E-2023-12-11-10.04.47-An-image-showing-a-piggy-bank-or-a-chart-with-downward-trending-lines-next-to-a-cloud-symbol-representing-the-cost-effectiveness-of-outsourcing-accou.png
https://ledgerlogic.ca/wp-content/uploads/2023/12/DALL·E-2023-12-11-10.05.12-A-collage-showing-different-people-accessing-financial-data-from-various-devices-like-smartphones-laptops-tablets-symbolizing-the-accessibility-and.png
https://ledgerlogic.ca/wp-content/uploads/2023/12/DALL·E-2023-12-11-11.10.59-A-diverse-team-of-professionals-including-men-and-women-of-different-descents-collaborating-over-a-table-with-digital-devices-papers-and-calculato.png
https://ledgerlogic.ca/wp-content/uploads/2023/12/DALL·E-2023-12-11-11.11.12-A-virtual-consultation-session-between-an-e-commerce-business-owner-and-an-accountant-depicted-in-a-modern-setting-to-emphasize-the-role-of-digital-c.png
https://ledgerlogic.ca/wp-content/uploads/2023/12/DALL·E-2023-12-11-11.11.19-A-virtual-consultation-session-between-an-e-commerce-business-owner-and-an-accountant-depicted-in-a-modern-setting-to-emphasize-the-role-of-digital-c.png
https://ledgerlogic.ca/wp-content/uploads/2023/12/DALL·E-2023-12-11-16.29.34-An-image-combining-the-Canadian-flag-and-a-piggy-bank-representing-the-concept-of-saving-taxes-in-Canada.-The-piggy-bank-should-be-prominently-displa.png
https://ledgerlogic.ca/wp-content/uploads/2023/12/DALL·E-2023-12-11-16.30.04-An-image-of-tax-law-books-with-Canadian-symbols-like-the-maple-leaf-or-a-small-flag-representing-the-legal-aspect-of-tax-savings.-The-books-should-be.png
https://ledgerlogic.ca/wp-content/uploads/2023/12/DALL·E-2023-12-11-20.50.53-A-modern-high-tech-workspace-with-a-diverse-group-of-individuals-including-a-Middle-Eastern-man-an-Asian-woman-and-a-Black-woman-collaborating-on.png
https://ledgerlogic.ca/wp-content/uploads/2023/12/DALL·E-2023-12-11-20.50.58-A-futuristic-lab-with-advanced-technology-including-robotics-and-biotech-equipment.-The-lab-is-bustling-with-activity-showcasing-diverse-researchers.png
https://ledgerlogic.ca/wp-content/uploads/2023/12/DALL·E-2023-12-11-20.51.03-Artistic-representation-of-a-growth-graph-or-chart-showing-upward-growth-interwoven-with-images-of-technological-advancements-and-research-activities.png
https://ledgerlogic.ca/wp-content/uploads/2023/12/DALL·E-2023-12-11-20.51.11-An-educational-seminar-or-workshop-in-a-modern-conference-room-featuring-a-diverse-audience-including-a-Hispanic-woman-an-Asian-man-and-a-Black-man.png
https://ledgerlogic.ca/wp-content/uploads/2023/12/DALL·E-2023-12-11-20.51.17-A-vibrant-and-dynamic-tech-start-up-office-featuring-a-diverse-team-including-a-Caucasian-woman-a-Black-man-and-a-Hispanic-woman-engaged-in-various.png
https://ledgerlogic.ca/wp-content/uploads/2023/12/DALL·E-2023-12-11-20.51.29-A-global-map-with-tech-symbols-and-light-connections-around-it-representing-the-worldwide-impact-of-innovation.-The-globe-is-surrounded-by-icons-of-t.png
https://ledgerlogic.ca/wp-content/uploads/2023/12/DALL·E-2023-12-12-16.16.31-A-high-tech-business-environment-with-digital-screens-displaying-data-and-charts-about-market-trends-in-Canada.-Set-in-a-futuristic-office-with-a-view.png
https://ledgerlogic.ca/wp-content/uploads/2023/12/DALL·E-2023-12-12-16.17.51-A-bustling-Canadian-cityscape-with-skyscrapers-showcasing-diverse-architectural-styles-from-around-the-world-representing-Canada-as-a-melting-pot-of-.png
https://ledgerlogic.ca/wp-content/uploads/2023/12/DALL·E-2023-12-12-16.18.15-A-diverse-group-of-professionals-including-men-and-women-of-various-descents-in-a-collaborative-workspace-in-Canada.-They-are-using-digital-devices-.png
https://ledgerlogic.ca/wp-content/uploads/2023/12/DALL·E-2023-12-12-16.18.28-A-high-tech-lab-or-office-in-Canada-where-professionals-of-various-descents-are-working-on-cutting-edge-technology.-This-image-symbolizes-Canadas-ro.png
https://ledgerlogic.ca/wp-content/uploads/2023/12/DALL·E-2023-12-13-11.19.07-A-boardroom-meeting-with-a-diverse-group-of-executives-in-a-Canadian-corporate-office.-The-office-should-be-modern-and-elegant-with-a-large-conferenc.png
https://ledgerlogic.ca/wp-content/uploads/2023/12/DALL·E-2023-12-13-11.19.50-Close-ups-of-corporate-legal-documents-or-tax-forms-with-subtle-Canadian-elements-like-a-maple-leaf-design-or-red-and-white-colors-symbolizing-Canada.png
https://ledgerlogic.ca/wp-content/uploads/2023/12/DALL·E-2023-12-13-12.04.55-An-image-showing-files-being-transferred-from-one-person-to-another-transitioning-from-old-tattered-folders-to-new-sleek-folders.-The-transfer-shou.png
https://ledgerlogic.ca/wp-content/uploads/2023/12/DALL·E-2023-12-13-12.06.05-A-revised-before-and-after-image-showing-an-office.-The-before-side-should-depict-an-outdated-cluttered-accounting-setup-with-stacks-of-paper-an-o.png
https://ledgerlogic.ca/wp-content/uploads/2023/12/DALL·E-2023-12-14-08.39.22-A-professional-setting-where-a-business-owner-is-discussing-asset-transfer-with-an-accountant-showcasing-the-advisory-role-in-the-process.-The-scene-.png
https://ledgerlogic.ca/wp-content/uploads/2023/12/DALL·E-2023-12-14-08.42.45-Two-paths-merging-into-one-with-one-path-filled-with-personal-assets-and-the-other-with-corporate-assets-symbolizing-the-integration-process-of-tran.png
https://ledgerlogic.ca/wp-content/uploads/2024/08/Float-Prices.png
https://ledgerlogic.ca/wp-content/uploads/2024/08/Loop.png
https://ledgerlogic.ca/wp-content/uploads/2025/10/90-for-4-300-x-250.png
https://ledgerlogic.ca/wp-content/uploads/2025/10/90-for-4-500-x-1500-px-300x300.png
https://www.appmybizaccount.gov.on.ca/wps85/osb/public/POC/SOAB_Self_Help_User_Guide_EN.pdf
